,Model Name,True Positive,False Negative,False Positive,True Negative,Accuracy,Precision,Recall,F1 Score,Specificity,MCC,ROC_AUC_Score,Balanced Accuracy
0,LogisticRegression(),393,191,190,316,0.65,0.674,0.673,0.674,0.625,0.297,0.6487255671666035,0.649
1,DecisionTreeClassifier(),333,251,233,273,0.556,0.588,0.57,0.579,0.54,0.11,0.5548655855758298,0.555
2,RandomForestClassifier(),364,220,194,312,0.62,0.652,0.623,0.637,0.617,0.239,0.6199442308733554,0.62
3,ExtraTreesClassifier(),366,218,232,274,0.587,0.612,0.627,0.619,0.542,0.169,0.5841071525258541,0.584
4,GaussianNB(),445,139,324,182,0.575,0.579,0.762,0.658,0.36,0.133,0.5608350479181331,0.561
5,KNeighborsClassifier(),360,224,258,248,0.558,0.583,0.616,0.599,0.49,0.107,0.5532784666197412,0.553
6,"SVC(kernel='linear', probability=True)",397,187,181,325,0.662,0.687,0.68,0.683,0.642,0.322,0.6610435053332612,0.661
